"Defendant 
Name","Case Number","Offense of Conviction","Government Recommendation","Sentence Imposed"
"Morgan-Lloyd, 
Anna","1:21-CR-00164-RCL","40 U.S.C. § 5104(e)(2)(G)","36 months’ probation 
40 hours’ community service 
$500 restitution","36 months’ probation 
120 hours’ community service 
$500 restitution"
"Ehrke, Valerie","1:21-CR-00097-PLF","40 U.S.C. § 5104(e)(2)(G)","36 months’ probation 
40 hours’ community service 
$500 restitution","36 months’ probation 
120 hours’ community service 
$500 restitution"
"Bissey, Dona","1:21-CR-00165-TSC","40 U.S.C. § 5104(e)(2)(G)","36 months’ probation 
40 hours’ community service 
$500 restitution","14 days’ incarceration 
60 hours’ community service 
$500 restitution"
"Hiles, Jacob","1:21-CR-00155-ABJ","40 U.S.C. § 5104(e)(2)(G)","36 months’ probation 
60 hours’ community service 
$500 restitution","24 months’ probation 
60 hours’ community service 
$500 restitution"
"Wangler, 
Douglas","1:21-CR-00365-DLF","40 U.S.C. § 5104(e)(2)(G)","36 months’ probation 
40 hours’ community service 
$500 restitution","24 months’ probation 
60 hours’ community service 
$500 restitution"
"Harrison, Bruce","1:21-CR-00365-DLF","40 U.S.C. § 5104(e)(2)(G)","48 months’ probation 
40 hours’ community service 
$500 restitution","24 months’ probation 
60 hours’ community service 
$500 restitution"
"Sizer, Brian","1:22-CR-00376-JEB","40 U.S.C. § 5104(e)(2)(G)","36 months’ probation 
$500 restitution","12 months’ probation 
$500 restitution"
